ID,instance_name,instance_desc,instance_icon,instance_set_attached,instance_restrict,instance_type,instance_sub_type,instance_mob_config,instance_time_limit,instance_enter_level,instance_enter_limit,instance_target,instance_zone1,instance_zone2,instance_zone3,instance_repeatable,instance_stamina_victory,instance_stamina_enter,instance_power,instance_damage_target,instance_damage_sweep,instance_mob_rank,instance_mob_client,instance_loot_equip1,instance_loot_equip2,instance_loot_equip3,instance_loot_item1,instance_loot_item2,instance_loot_item3,instance_loot_item4,instance_loot_item5,instance_loot_item6,instance_number,enter_story,instance_guide,battle_guide,unlock_story,need_story
long,long,long,string,long,long,int,int,string,int,int,int,long,string,string,string,int,int,int,int,long,long,int,int,long,long,long,long,long,long,long,long,long,int,long,string,string,long,long
ID,副本名称,副本描述,副本图标,所属副本集,限定战斗ID,副本类型,副本子类型,副本怪物配置,副本限时(ms),副本进入限制等级,副本进入次数限制,副本星级目标,副本区域1,副本区域2,副本区域3,副本是否可重复进入,副本胜利消耗体力,副本进入消耗体力,副本对应战斗力,副本通关所需伤害,副本扫荡所需伤害,副本怪物位阶,副本怪物星级,副本掉落装备1,副本掉落装备2,副本掉落装备3,副本掉落物品1,副本掉落物品2,副本掉落物品3,副本掉落物品4,副本掉落物品5,副本掉落物品6,副本编号,进入副本剧情,进入副本引导,开始战斗引导,解锁剧情,解锁所需剧情
3100001001,1310000100101,1310000100102,_m_Icon,3000001,,9,,test_01_001,90000,1,0,,,,,0,0,0
3100001002,1310000100201,1310000100202,_m_Icon,3000001,,9,,test_01_002,90000,1,0,,,,,0,0,0
3100001003,1310000100301,1310000100302,_m_Icon,3000001,,9,,test_01_003,90000,1,0,,,,,0,0,0
3100001004,1310000100401,1310000100402,_m_Icon,3000001,,9,,test_01_004,90000,1,0,,,,,0,0,0
3100001005,1310000100501,1310000100502,_m_Icon,3000001,,9,,test_01_005,90000,1,0,,,,,0,0,0
3100001006,1310000100601,1310000100602,_m_Icon,3000001,,9,,test_01_006,90000,1,0,,,,,0,0,0
3100001007,1310000100701,1310000100702,_m_Icon,3000001,,9,,test_01_007,90000,1,0,,,,,0,0,0
3100001008,1310000100801,1310000100802,_m_Icon,3000001,,9,,test_01_008,90000,1,0,,,,,0,0,0
3100001009,1310000100901,1310000100902,_m_Icon,3000001,,9,,test_01_009,90000,1,0,,,,,0,0,0
3100001010,1310000101001,1310000101002,_m_Icon,3000001,,9,,test_01_010,90000,1,0,,,,,0,0,0
3100001011,1310000101101,1310000101102,_m_Icon,3000001,,9,,test_01_041,90000,1,0,,,,,0,0,0
3100001012,1310000101201,1310000101202,_m_Icon,3000001,,9,,test_01_042,90000,1,0,,,,,0,0,0
3100001013,1310000101301,1310000101302,_m_Icon,3000001,,9,,test_01_043,90000,1,0,,,,,0,0,0
3100001014,1310000101401,1310000101402,_m_Icon,3000001,,9,,test_01_044,90000,1,0,,,,,0,0,0
3100001015,1310000101501,1310000101502,_m_Icon,3000001,,9,,test_01_045,90000,1,0,,,,,0,0,0
3100001016,1310000101601,1310000101602,_m_Icon,3000001,,9,,test_01_046,90000,1,0,,,,,0,0,0
3100001017,1310000101701,1310000101702,_m_Icon,3000001,,9,,test_01_047,90000,1,0,,,,,0,0,0
3100001018,1310000101801,1310000101802,_m_Icon,3000001,,9,,test_01_048,90000,1,0,,,,,0,0,0
3100001019,1310000101901,1310000101902,_m_Icon,3000001,,9,,test_01_049,90000,1,0,,,,,0,0,0
3100001020,1310000102001,1310000102002,_m_Icon,3000001,,9,,test_01_050,90000,1,0,,,,,0,0,0
3100002001,1310000200101,1310000200102,_m_Icon,3000002,,9,,test_01_011,90000,1,0,,,,,0,0,0
3100002002,1310000200201,1310000200202,_m_Icon,3000002,,9,,test_01_012,90000,1,0,,,,,0,0,0
3100002003,1310000200301,1310000200302,_m_Icon,3000002,,9,,test_01_013,90000,1,0,,,,,0,0,0
3100002004,1310000200401,1310000200402,_m_Icon,3000002,,9,,test_01_014,90000,1,0,,,,,0,0,0
3100002005,1310000200501,1310000200502,_m_Icon,3000002,,9,,test_01_015,90000,1,0,,,,,0,0,0
3100002006,1310000200601,1310000200602,_m_Icon,3000002,,9,,test_01_016,90000,1,0,,,,,0,0,0
3100002007,1310000200701,1310000200702,_m_Icon,3000002,,9,,test_01_017,90000,1,0,,,,,0,0,0
3100002008,1310000200801,1310000200802,_m_Icon,3000002,,9,,test_01_018,90000,1,0,,,,,0,0,0
3100002009,1310000200901,1310000200902,_m_Icon,3000002,,9,,test_01_019,90000,1,0,,,,,0,0,0
3100002010,1310000201001,1310000201002,_m_Icon,3000002,,9,,test_01_020,90000,1,0,,,,,0,0,0
3100003001,1310000300101,1310000300102,_m_Icon,3000003,,9,,test_01_021,90000,1,0,,,,,0,0,0
3100003002,1310000300201,1310000300202,_m_Icon,3000003,,9,,test_01_022,90000,1,0,,,,,0,0,0
3100003003,1310000300301,1310000300302,_m_Icon,3000003,,9,,test_01_023,90000,1,0,,,,,0,0,0
3100003004,1310000300401,1310000300402,_m_Icon,3000003,,9,,test_01_024,90000,1,0,,,,,0,0,0
3100003005,1310000300501,1310000300502,_m_Icon,3000003,,9,,test_01_025,90000,1,0,,,,,0,0,0
3100003006,1310000300601,1310000300602,_m_Icon,3000003,,9,,test_01_026,90000,1,0,,,,,0,0,0
3100003007,1310000300701,1310000300702,_m_Icon,3000003,,9,,test_01_027,90000,1,0,,,,,0,0,0
3100003008,1310000300801,1310000300802,_m_Icon,3000003,,9,,test_01_028,90000,1,0,,,,,0,0,0
3100003009,1310000300901,1310000300902,_m_Icon,3000003,,9,,test_01_029,90000,1,0,,,,,0,0,0
3100003010,1310000301001,1310000301002,_m_Icon,3000003,,9,,test_01_030,90000,1,0,,,,,0,0,0
3100004001,1310000400101,1310000400102,_m_Icon,3000004,,9,,test_01_031,90000,1,0,,,,,0,0,0
3100004002,1310000400201,1310000400202,_m_Icon,3000004,,9,,test_01_032,90000,1,0,,,,,0,0,0
3100004003,1310000400301,1310000400302,_m_Icon,3000004,,9,,test_01_033,90000,1,0,,,,,0,0,0
3100004004,1310000400401,1310000400402,_m_Icon,3000004,,9,,test_01_034,90000,1,0,,,,,0,0,0
3100004005,1310000400501,1310000400502,_m_Icon,3000004,,9,,test_01_035,90000,1,0,,,,,0,0,0
3100004006,1310000400601,1310000400602,_m_Icon,3000004,,9,,test_01_036,90000,1,0,,,,,0,0,0
3100004007,1310000400701,1310000400702,_m_Icon,3000004,,9,,test_01_037,90000,1,0,,,,,0,0,0
3100004008,1310000400801,1310000400802,_m_Icon,3000004,,9,,test_01_038,90000,1,0,,,,,0,0,0
3100004009,1310000400901,1310000400902,_m_Icon,3000004,,9,,test_01_039,90000,1,0,,,,,0,0,0
3100004010,1310000401001,1310000401002,_m_Icon,3000004,,9,,test_01_040,90000,1,0,,,,,0,0,0
3100005001,1310000500101,1310000500102,_m_Icon,3000005,,9,,challenge_01,180000,1,0,,,,,1,0,0,10185,,,5,1
3100005002,1310000500201,1310000500202,_m_Icon,3000005,,9,,challenge_02,180000,1,0,,,,,1,0,0,10185,,,5,1
3100005003,1310000500301,1310000500302,_m_Icon,3000005,,9,,challenge_03,180000,1,0,,,,,1,0,0,10185,,,5,1
3100005004,1310000500401,1310000500402,_m_Icon,3000005,,9,,challenge_04,180000,1,0,,,,,1,0,0,10185,,,5,1
3100005005,1310000500501,1310000500502,_m_Icon,3000005,,9,,challenge_05,180000,1,0,,,,,1,0,0,10185,,,5,1
3100006001,1310000600101,1310000600102,_m_Icon,3000006,,9,,test_01_051,90000,1,0,,,,,0,0,0
3100006002,1310000600201,1310000600202,_m_Icon,3000006,,9,,test_01_052,90000,1,0,,,,,0,0,0
3100006003,1310000600301,1310000600302,_m_Icon,3000006,,9,,test_01_053,90000,1,0,,,,,0,0,0
3100006004,1310000600401,1310000600402,_m_Icon,3000006,,9,,test_01_054,90000,1,0,,,,,0,0,0
3100006005,1310000600501,1310000600502,_m_Icon,3000006,,9,,test_01_055,90000,1,0,,,,,0,0,0
3100006006,1310000600601,1310000600602,_m_Icon,3000006,,9,,test_01_056,90000,1,0,,,,,0,0,0
3100006007,1310000600701,1310000600702,_m_Icon,3000006,,9,,test_01_057,90000,1,0,,,,,0,0,0
3100006008,1310000600801,1310000600802,_m_Icon,3000006,,9,,test_01_058,90000,1,0,,,,,0,0,0
3100006009,1310000600901,1310000600902,_m_Icon,3000006,,9,,test_01_059,90000,1,0,,,,,0,0,0
3100006010,1310000601001,1310000601002,_m_Icon,3000006,,9,,test_01_060,90000,1,0,,,,,0,0,0
3100006011,1310000601101,1310000601102,_m_Icon,3000006,,9,,test_01_061,90000,1,0,,,,,0,0,0
3100006012,1310000601201,1310000601202,_m_Icon,3000006,,9,,test_01_062,90000,1,0,,,,,0,0,0
3100006013,1310000601301,1310000601302,_m_Icon,3000006,,9,,test_01_063,90000,1,0,,,,,0,0,0
3100006014,1310000601401,1310000601402,_m_Icon,3000006,,9,,test_01_064,90000,1,0,,,,,0,0,0
3100006015,1310000601501,1310000601502,_m_Icon,3000006,,9,,test_01_065,90000,1,0,,,,,0,0,0
3100006016,1310000601601,1310000601602,_m_Icon,3000006,,9,,test_01_066,90000,1,0,,,,,0,0,0
3100006017,1310000601701,1310000601702,_m_Icon,3000006,,9,,test_01_067,90000,1,0,,,,,0,0,0
3100006018,1310000601801,1310000601802,_m_Icon,3000006,,9,,test_01_068,90000,1,0,,,,,0,0,0
3100006019,1310000601901,1310000601902,_m_Icon,3000006,,9,,test_01_069,90000,1,0,,,,,0,0,0
3100006020,1310000602001,1310000602002,_m_Icon,3000006,,9,,test_01_070,90000,1,0,,,,,0,0,0
3100007001,1310000700101,1310000700102,_m_Icon,3000007,,9,,test_01_071,90000,1,0,,,,,0,0,0
3100007002,1310000700201,1310000700202,_m_Icon,3000007,,9,,test_01_072,90000,1,0,,,,,0,0,0
3100007003,1310000700301,1310000700302,_m_Icon,3000007,,9,,test_01_073,90000,1,0,,,,,0,0,0
3100007004,1310000700401,1310000700402,_m_Icon,3000007,,9,,test_01_074,90000,1,0,,,,,0,0,0
3100007005,1310000700501,1310000700502,_m_Icon,3000007,,9,,test_01_075,90000,1,0,,,,,0,0,0
3100007006,1310000700601,1310000700602,_m_Icon,3000007,,9,,test_01_076,90000,1,0,,,,,0,0,0
3100007007,1310000700701,1310000700702,_m_Icon,3000007,,9,,test_01_077,90000,1,0,,,,,0,0,0
3100007008,1310000700801,1310000700802,_m_Icon,3000007,,9,,test_01_078,90000,1,0,,,,,0,0,0
3100007009,1310000700901,1310000700902,_m_Icon,3000007,,9,,test_01_079,90000,1,0,,,,,0,0,0
3100007010,1310000701001,1310000701002,_m_Icon,3000007,,9,,test_01_080,90000,1,0,,,,,0,0,0
3100007011,1310000701101,1310000701102,_m_Icon,3000007,,9,,test_01_081,90000,1,0,,,,,0,0,0
3100007012,1310000701201,1310000701202,_m_Icon,3000007,,9,,test_01_082,90000,1,0,,,,,0,0,0
3100007013,1310000701301,1310000701302,_m_Icon,3000007,,9,,test_01_083,90000,1,0,,,,,0,0,0
3100007014,1310000701401,1310000701402,_m_Icon,3000007,,9,,test_01_084,90000,1,0,,,,,0,0,0
3100007015,1310000701501,1310000701502,_m_Icon,3000007,,9,,test_01_085,90000,1,0,,,,,0,0,0
3100007016,1310000701601,1310000701602,_m_Icon,3000007,,9,,test_01_086,90000,1,0,,,,,0,0,0
3100007017,1310000701701,1310000701702,_m_Icon,3000007,,9,,test_01_087,90000,1,0,,,,,0,0,0
3100007018,1310000701801,1310000701802,_m_Icon,3000007,,9,,test_01_088,90000,1,0,,,,,0,0,0
3100007019,1310000701901,1310000701902,_m_Icon,3000007,,9,,test_01_089,90000,1,0,,,,,0,0,0
3100007020,1310000702001,1310000702002,_m_Icon,3000007,,9,,test_01_090,90000,1,0,,,,,0,0,0
3100008001,1310000800101,1310000800102,_m_Icon,3000008,,9,,test_01_091,90000,1,0,,,,,0,0,0
3100008002,1310000800201,1310000800202,_m_Icon,3000008,,9,,test_01_092,90000,1,0,,,,,0,0,0
3100008003,1310000800301,1310000800302,_m_Icon,3000008,,9,,test_01_093,90000,1,0,,,,,0,0,0
3100008004,1310000800401,1310000800402,_m_Icon,3000008,,9,,test_01_094,90000,1,0,,,,,0,0,0
3100008005,1310000800501,1310000800502,_m_Icon,3000008,,9,,test_01_095,90000,1,0,,,,,0,0,0
3100008006,1310000800601,1310000800602,_m_Icon,3000008,,9,,test_01_096,90000,1,0,,,,,0,0,0
3100008007,1310000800701,1310000800702,_m_Icon,3000008,,9,,test_01_097,90000,1,0,,,,,0,0,0
3100008008,1310000800801,1310000800802,_m_Icon,3000008,,9,,test_01_098,90000,1,0,,,,,0,0,0
3100008009,1310000800901,1310000800902,_m_Icon,3000008,,9,,test_01_099,90000,1,0,,,,,0,0,0
3100008010,1310000801001,1310000801002,_m_Icon,3000008,,9,,test_01_100,90000,1,0,,,,,0,0,0
3100008011,1310000801101,1310000801102,_m_Icon,3000008,,9,,test_01_101,90000,1,0,,,,,0,0,0
3100008012,1310000801201,1310000801202,_m_Icon,3000008,,9,,test_01_102,90000,1,0,,,,,0,0,0
3100008013,1310000801301,1310000801302,_m_Icon,3000008,,9,,test_01_103,90000,1,0,,,,,0,0,0
3100008014,1310000801401,1310000801402,_m_Icon,3000008,,9,,test_01_104,90000,1,0,,,,,0,0,0
3100008015,1310000801501,1310000801502,_m_Icon,3000008,,9,,test_01_105,90000,1,0,,,,,0,0,0
3100008016,1310000801601,1310000801602,_m_Icon,3000008,,9,,test_01_106,90000,1,0,,,,,0,0,0
3100008017,1310000801701,1310000801702,_m_Icon,3000008,,9,,test_01_107,90000,1,0,,,,,0,0,0
3100008018,1310000801801,1310000801802,_m_Icon,3000008,,9,,test_01_108,90000,1,0,,,,,0,0,0
3100008019,1310000801901,1310000801902,_m_Icon,3000008,,9,,test_01_109,90000,1,0,,,,,0,0,0
3100008020,1310000802001,1310000802002,_m_Icon,3000008,,9,,test_01_110,90000,1,0,,,,,0,0,0
3100009001,1310000900101,1310000900102,_m_Icon,3000009,,9,,test_01_111,90000,1,0,,,,,0,0,0
3100009002,1310000900201,1310000900202,_m_Icon,3000009,,9,,test_01_112,90000,1,0,,,,,0,0,0
3100009003,1310000900301,1310000900302,_m_Icon,3000009,,9,,test_01_113,90000,1,0,,,,,0,0,0
3100009004,1310000900401,1310000900402,_m_Icon,3000009,,9,,test_01_114,90000,1,0,,,,,0,0,0
3100009005,1310000900501,1310000900502,_m_Icon,3000009,,9,,test_01_115,90000,1,0,,,,,0,0,0
3100009006,1310000900601,1310000900602,_m_Icon,3000009,,9,,test_01_116,90000,1,0,,,,,0,0,0
3100009007,1310000900701,1310000900702,_m_Icon,3000009,,9,,test_01_117,90000,1,0,,,,,0,0,0
3100009008,1310000900801,1310000900802,_m_Icon,3000009,,9,,test_01_118,90000,1,0,,,,,0,0,0
3100009009,1310000900901,1310000900902,_m_Icon,3000009,,9,,test_01_119,90000,1,0,,,,,0,0,0
3100009010,1310000901001,1310000901002,_m_Icon,3000009,,9,,test_01_120,90000,1,0,,,,,0,0,0
3100009011,1310000901101,1310000901102,_m_Icon,3000009,,9,,test_01_121,90000,1,0,,,,,0,0,0
3100009012,1310000901201,1310000901202,_m_Icon,3000009,,9,,test_01_122,90000,1,0,,,,,0,0,0
3100009013,1310000901301,1310000901302,_m_Icon,3000009,,9,,test_01_123,90000,1,0,,,,,0,0,0
3100009014,1310000901401,1310000901402,_m_Icon,3000009,,9,,test_01_124,90000,1,0,,,,,0,0,0
3100009015,1310000901501,1310000901502,_m_Icon,3000009,,9,,test_01_125,90000,1,0,,,,,0,0,0
3100009016,1310000901601,1310000901602,_m_Icon,3000009,,9,,test_01_126,90000,1,0,,,,,0,0,0
3100009017,1310000901701,1310000901702,_m_Icon,3000009,,9,,test_01_127,90000,1,0,,,,,0,0,0
3100009018,1310000901801,1310000901802,_m_Icon,3000009,,9,,test_01_128,90000,1,0,,,,,0,0,0
3100009019,1310000901901,1310000901902,_m_Icon,3000009,,9,,test_01_129,90000,1,0,,,,,0,0,0
3100009020,1310000902001,1310000902002,_m_Icon,3000009,,9,,test_01_130,90000,1,0,,,,,0,0,0
3100010001,1310001000101,1310001000102,_m_Icon,3000010,,9,,test_01_131,90000,1,0,,,,,0,0,0
3100010002,1310001000201,1310001000202,_m_Icon,3000010,,9,,test_01_132,90000,1,0,,,,,0,0,0
3100010003,1310001000301,1310001000302,_m_Icon,3000010,,9,,test_01_133,90000,1,0,,,,,0,0,0
3100010004,1310001000401,1310001000402,_m_Icon,3000010,,9,,test_01_134,90000,1,0,,,,,0,0,0
3100010005,1310001000501,1310001000502,_m_Icon,3000010,,9,,test_01_135,90000,1,0,,,,,0,0,0
3100010006,1310001000601,1310001000602,_m_Icon,3000010,,9,,test_01_136,90000,1,0,,,,,0,0,0
3100010007,1310001000701,1310001000702,_m_Icon,3000010,,9,,test_01_137,90000,1,0,,,,,0,0,0
3100010008,1310001000801,1310001000802,_m_Icon,3000010,,9,,test_01_138,90000,1,0,,,,,0,0,0
3100010009,1310001000901,1310001000902,_m_Icon,3000010,,9,,test_01_139,90000,1,0,,,,,0,0,0
3100010010,1310001001001,1310001001002,_m_Icon,3000010,,9,,test_01_140,90000,1,0,,,,,0,0,0
3100010011,1310001001101,1310001001102,_m_Icon,3000010,,9,,test_01_141,90000,1,0,,,,,0,0,0
3100010012,1310001001201,1310001001202,_m_Icon,3000010,,9,,test_01_142,90000,1,0,,,,,0,0,0
3100010013,1310001001301,1310001001302,_m_Icon,3000010,,9,,test_01_143,90000,1,0,,,,,0,0,0
3100010014,1310001001401,1310001001402,_m_Icon,3000010,,9,,test_01_144,90000,1,0,,,,,0,0,0
3100010015,1310001001501,1310001001502,_m_Icon,3000010,,9,,test_01_145,90000,1,0,,,,,0,0,0
3100010016,1310001001601,1310001001602,_m_Icon,3000010,,9,,test_01_146,90000,1,0,,,,,0,0,0
3100010017,1310001001701,1310001001702,_m_Icon,3000010,,9,,test_01_147,90000,1,0,,,,,0,0,0
3100010018,1310001001801,1310001001802,_m_Icon,3000010,,9,,test_01_148,90000,1,0,,,,,0,0,0
3100010019,1310001001901,1310001001902,_m_Icon,3000010,,9,,test_01_149,90000,1,0,,,,,0,0,0
3100010020,1310001002001,1310001002002,_m_Icon,3000010,,9,,test_01_150,90000,1,0,,,,,0,0,0
3100011001,1310001100101,1310001100102,_m_Icon,3000011,,9,,test_01_151,90000,1,0,,,,,0,0,0
3100011002,1310001100201,1310001100202,_m_Icon,3000011,,9,,test_01_152,90000,1,0,,,,,0,0,0
3100011003,1310001100301,1310001100302,_m_Icon,3000011,,9,,test_01_153,90000,1,0,,,,,0,0,0
3100011004,1310001100401,1310001100402,_m_Icon,3000011,,9,,test_01_154,90000,1,0,,,,,0,0,0
3100011005,1310001100501,1310001100502,_m_Icon,3000011,,9,,test_01_155,90000,1,0,,,,,0,0,0
3100011006,1310001100601,1310001100602,_m_Icon,3000011,,9,,test_01_156,90000,1,0,,,,,0,0,0
3100011007,1310001100701,1310001100702,_m_Icon,3000011,,9,,test_01_157,90000,1,0,,,,,0,0,0
3100011008,1310001100801,1310001100802,_m_Icon,3000011,,9,,test_01_158,90000,1,0,,,,,0,0,0
3100011009,1310001100901,1310001100902,_m_Icon,3000011,,9,,test_01_159,90000,1,0,,,,,0,0,0
3100011010,1310001101001,1310001101002,_m_Icon,3000011,,9,,test_01_160,90000,1,0,,,,,0,0,0
3100011011,1310001101101,1310001101102,_m_Icon,3000011,,9,,test_01_161,90000,1,0,,,,,0,0,0
3100011012,1310001101201,1310001101202,_m_Icon,3000011,,9,,test_01_162,90000,1,0,,,,,0,0,0
3100011013,1310001101301,1310001101302,_m_Icon,3000011,,9,,test_01_163,90000,1,0,,,,,0,0,0
3100011014,1310001101401,1310001101402,_m_Icon,3000011,,9,,test_01_164,90000,1,0,,,,,0,0,0
3100011015,1310001101501,1310001101502,_m_Icon,3000011,,9,,test_01_165,90000,1,0,,,,,0,0,0
3100011016,1310001101601,1310001101602,_m_Icon,3000011,,9,,test_01_166,90000,1,0,,,,,0,0,0
3100011017,1310001101701,1310001101702,_m_Icon,3000011,,9,,test_01_167,90000,1,0,,,,,0,0,0
3100011018,1310001101801,1310001101802,_m_Icon,3000011,,9,,test_01_168,90000,1,0,,,,,0,0,0
3100011019,1310001101901,1310001101902,_m_Icon,3000011,,9,,test_01_169,90000,1,0,,,,,0,0,0
3100011020,1310001102001,1310001102002,_m_Icon,3000011,,9,,test_01_170,90000,1,0,,,,,0,0,0
3100012001,1310001200101,1310001200102,_m_Icon,3000012,,9,,test_01_171,90000,1,0,,,,,0,0,0
3100012002,1310001200201,1310001200202,_m_Icon,3000012,,9,,test_01_172,90000,1,0,,,,,0,0,0
3100012003,1310001200301,1310001200302,_m_Icon,3000012,,9,,test_01_173,90000,1,0,,,,,0,0,0
3100012004,1310001200401,1310001200402,_m_Icon,3000012,,9,,test_01_174,90000,1,0,,,,,0,0,0
3100012005,1310001200501,1310001200502,_m_Icon,3000012,,9,,test_01_175,90000,1,0,,,,,0,0,0
3100012006,1310001200601,1310001200602,_m_Icon,3000012,,9,,test_01_176,90000,1,0,,,,,0,0,0
3100012007,1310001200701,1310001200702,_m_Icon,3000012,,9,,test_01_177,90000,1,0,,,,,0,0,0
3100012008,1310001200801,1310001200802,_m_Icon,3000012,,9,,test_01_178,90000,1,0,,,,,0,0,0
3100012009,1310001200901,1310001200902,_m_Icon,3000012,,9,,test_01_179,90000,1,0,,,,,0,0,0
3100012010,1310001201001,1310001201002,_m_Icon,3000012,,9,,test_01_180,90000,1,0,,,,,0,0,0
3100012011,1310001201101,1310001201102,_m_Icon,3000012,,9,,test_01_181,90000,1,0,,,,,0,0,0
3100012012,1310001201201,1310001201202,_m_Icon,3000012,,9,,test_01_182,90000,1,0,,,,,0,0,0
3100012013,1310001201301,1310001201302,_m_Icon,3000012,,9,,test_01_183,90000,1,0,,,,,0,0,0
3100012014,1310001201401,1310001201402,_m_Icon,3000012,,9,,test_01_184,90000,1,0,,,,,0,0,0
3100012015,1310001201501,1310001201502,_m_Icon,3000012,,9,,test_01_185,90000,1,0,,,,,0,0,0
3100012016,1310001201601,1310001201602,_m_Icon,3000012,,9,,test_01_186,90000,1,0,,,,,0,0,0
3100012017,1310001201701,1310001201702,_m_Icon,3000012,,9,,test_01_187,90000,1,0,,,,,0,0,0
3100012018,1310001201801,1310001201802,_m_Icon,3000012,,9,,test_01_188,90000,1,0,,,,,0,0,0
3100012019,1310001201901,1310001201902,_m_Icon,3000012,,9,,test_01_189,90000,1,0,,,,,0,0,0
3100012020,1310001202001,1310001202002,_m_Icon,3000012,,9,,test_01_190,90000,1,0,,,,,0,0,0
3100013001,1310001300101,1310001300102,_m_Icon,3000013,,9,,test_01_191,90000,1,0,,,,,0,0,0
3100013002,1310001300201,1310001300202,_m_Icon,3000013,,9,,test_01_192,90000,1,0,,,,,0,0,0
3100013003,1310001300301,1310001300302,_m_Icon,3000013,,9,,test_01_193,90000,1,0,,,,,0,0,0
3100013004,1310001300401,1310001300402,_m_Icon,3000013,,9,,test_01_194,90000,1,0,,,,,0,0,0
3100013005,1310001300501,1310001300502,_m_Icon,3000013,,9,,test_01_195,90000,1,0,,,,,0,0,0
3100013006,1310001300601,1310001300602,_m_Icon,3000013,,9,,test_01_196,90000,1,0,,,,,0,0,0
3100013007,1310001300701,1310001300702,_m_Icon,3000013,,9,,test_01_197,90000,1,0,,,,,0,0,0
3100013008,1310001300801,1310001300802,_m_Icon,3000013,,9,,test_01_198,90000,1,0,,,,,0,0,0
3100013009,1310001300901,1310001300902,_m_Icon,3000013,,9,,test_01_199,90000,1,0,,,,,0,0,0
3100013010,1310001301001,1310001301002,_m_Icon,3000013,,9,,test_01_200,90000,1,0,,,,,0,0,0
3100013011,1310001301101,1310001301102,_m_Icon,3000013,,9,,test_01_201,90000,1,0,,,,,0,0,0
3100013012,1310001301201,1310001301202,_m_Icon,3000013,,9,,test_01_202,90000,1,0,,,,,0,0,0
3100013013,1310001301301,1310001301302,_m_Icon,3000013,,9,,test_01_203,90000,1,0,,,,,0,0,0
3100013014,1310001301401,1310001301402,_m_Icon,3000013,,9,,test_01_204,90000,1,0,,,,,0,0,0
3100013015,1310001301501,1310001301502,_m_Icon,3000013,,9,,test_01_205,90000,1,0,,,,,0,0,0
3100013016,1310001301601,1310001301602,_m_Icon,3000013,,9,,test_01_206,90000,1,0,,,,,0,0,0
3100013017,1310001301701,1310001301702,_m_Icon,3000013,,9,,test_01_207,90000,1,0,,,,,0,0,0
3100013018,1310001301801,1310001301802,_m_Icon,3000013,,9,,test_01_208,90000,1,0,,,,,0,0,0
3100013019,1310001301901,1310001301902,_m_Icon,3000013,,9,,test_01_209,90000,1,0,,,,,0,0,0
3100013020,1310001302001,1310001302002,_m_Icon,3000013,,9,,test_01_210,90000,1,0,,,,,0,0,0
3110001001,1311000100101,1311000100102,_m_Icon,3010001,101,2,,campaign_01_001,180000,1,0,,,,,0,4,1,1323,,,1,1,1411005,1411002,,,,,,,,1,,,,61100011005
3110001002,1311000100201,1311000100202,_m_Icon,3010001,102,2,,campaign_01_002,180000,1,0,,,,,0,4,1,1326,,,1,1,1411003,1411004,,,,,,,,2,61100021001,,,61100021002
3110001003,1311000100301,1311000100302,_m_Icon,3010001,103,2,,campaign_01_003,180000,1,0,,,,,0,4,1,1338,,,1,1,1411002,1411001,,,,,,,,3,,,,61100021003
3110001004,1311000100401,1311000100402,_m_Icon,3010001,104,2,,campaign_01_004,180000,1,0,,,,,1,4,1,1357,,,2,1,1411001,1411002,1411011,,,,,,,4,,00010,,61100021004
3110001005,1311000100501,1311000100502,_m_Icon,3010001,,2,,campaign_01_005,180000,1,0,,,,,1,4,1,1384,,,2,1,1411014,1411005,1411010,,,,,,,5
3110001006,1311000100601,1311000100602,_m_Icon,3010001,,2,,campaign_01_006,180000,1,0,,,,,1,4,1,1419,,,2,1,1411012,1411003,1411009,,,,,,,6,61100021005
3110001007,1311000100701,1311000100702,_m_Icon,3010001,,2,,campaign_01_007,180000,1,0,,,,,0,4,1,1461,,,2,1,1411003,1411004,,,,,,,,7,,,,61100021006
3110001008,1311000100801,1311000100802,_m_Icon,3010001,,2,,campaign_01_008,180000,1,0,,,,,1,4,1,1511,,,2,1,1411015,1411004,1411016,,,,,,,8
3110001009,1311000100901,1311000100902,_m_Icon,3010001,,2,,campaign_01_009,180000,1,0,,,,,0,4,1,1569,,,2,1,1411002,1411001,,,,,,,,9,61100021007
3110001010,1311000101001,1311000101002,_m_Icon,3010001,,2,,campaign_01_010,180000,1,0,,,,,1,4,1,1634,,,2,1,1411017,1411007,1411013,,,,,,,10
3110002001,1311000200101,1311000200102,_m_Icon,3010002,,2,,campaign_02_001,180000,5,0,,,,,0,5,1,1707,,,2,1,1411006,1411008,1411018,,,,,,,1,61100021008
3110002002,1311000200201,1311000200202,_m_Icon,3010002,,2,,campaign_02_002,180000,5,0,,,,,1,5,1,1788,,,3,1,1411006,1411008,1411018,,,,,,,2
3110002003,1311000200301,1311000200302,_m_Icon,3010002,,2,,campaign_02_003,180000,5,0,,,,,0,5,1,1876,,,3,1,1421008,1421011,,,,,,,,3
3110002004,1311000200401,1311000200402,_m_Icon,3010002,,2,,campaign_02_004,180000,5,0,,,,,1,5,1,1973,,,3,1,1421008,1421011,,,,,,,,4
3110002005,1311000200501,1311000200502,_m_Icon,3010002,,2,,campaign_02_005,180000,5,0,,,,,0,5,1,2076,,,3,1,1421002,1421007,,,,,,,,5
3110002006,1311000200601,1311000200602,_m_Icon,3010002,,2,,campaign_02_006,180000,5,0,,,,,1,5,1,2188,,,3,1,1421002,1421007,,,,,,,,6
3110002007,1311000200701,1311000200702,_m_Icon,3010002,,2,,campaign_02_007,180000,5,0,,,,,0,5,1,2307,56600,65300,3,1,1421001,1421003,,,,,,,,7
3110002008,1311000200801,1311000200802,_m_Icon,3010002,,2,,campaign_02_008,180000,5,0,,,,,1,5,1,2434,,,3,1,1421001,1421003,,,,,,,,8
3110002009,1311000200901,1311000200902,_m_Icon,3010002,,2,,campaign_02_009,180000,5,0,,,,,0,5,1,2569,,,3,1,1421005,1421004,,,,,,,,9
3110002010,1311000201001,1311000201002,_m_Icon,3010002,,2,,campaign_02_010,180000,5,0,,,,,1,5,1,2711,,,3,1,1421005,1421004,,,,,,,,10,,,,61100021009
3110002011,1311000201101,1311000201102,_m_Icon,3010002,,3,,campaign_02_102,180000,5,3,,,,,1,11,1,2188,,,3,1,1411014,1411015,,40130015,,,,,,1
3110002012,1311000201201,1311000201202,_m_Icon,3010002,,3,,campaign_02_104,180000,5,3,,,,,1,11,1,2434,,,3,1,1421008,,,40130004,,,,,,2
3110002013,1311000201301,1311000201302,_m_Icon,3010002,,3,,campaign_02_106,180000,5,3,,,,,1,11,1,2711,,,3,1,1421002,,,40130007,,,,,,3
3110002014,1311000201401,1311000201402,_m_Icon,3010002,,3,,campaign_02_108,180000,5,3,,,,,1,11,1,3019,60000,99000,3,1,1421001,,,40130005,,,,,,4
3110002015,1311000201501,1311000201502,_m_Icon,3010002,,3,,campaign_02_110,180000,5,3,,,,,1,11,1,3357,,,4,1,1421011,,,40130008,,,,,,5
3110003001,1311000300101,1311000300102,_m_Icon,3010003,,2,,campaign_03_001,180000,13,0,,,,,0,7,1,2861,,,4,1,1421009,1421012,,,,,,,,1
3110003002,1311000300201,1311000300202,_m_Icon,3010003,,2,,campaign_03_002,180000,13,0,,,,,1,7,1,3019,,,4,1,1421009,1421012,,,,,,,,2
3110003003,1311000300301,1311000300302,_m_Icon,3010003,,2,,campaign_03_003,180000,13,0,,,,,0,7,1,3184,,,4,1,1421010,1421014,,,,,,,,3
3110003004,1311000300401,1311000300402,_m_Icon,3010003,,2,,campaign_03_004,180000,13,0,,,,,1,7,1,3357,,,4,1,1421010,1421014,,,,,,,,4
3110003005,1311000300501,1311000300502,_m_Icon,3010003,,2,,campaign_03_005,180000,13,0,,,,,0,7,1,3538,,,4,1,1421006,1421013,,,,,,,,5
3110003006,1311000300601,1311000300602,_m_Icon,3010003,,2,,campaign_03_006,180000,13,0,,,,,1,7,1,3727,,,4,1,1421006,1421013,,,,,,,,6
3110003007,1311000300701,1311000300702,_m_Icon,3010003,,2,,campaign_03_007,180000,13,0,,,,,0,7,1,3923,,,4,1,1421008,1421015,,,,,,,,7
3110003008,1311000300801,1311000300802,_m_Icon,3010003,,2,,campaign_03_008,180000,13,0,,,,,1,7,1,4127,,,5,1,1421008,1421015,,,,,,,,8
3110003009,1311000300901,1311000300902,_m_Icon,3010003,,2,,campaign_03_009,180000,13,0,,,,,0,7,1,4338,,,5,1,1421005,1421011,,,,,,,,9
3110003010,1311000301001,1311000301002,_m_Icon,3010003,,2,,campaign_03_010,180000,13,0,,,,,1,7,1,4557,,,5,1,1421005,1421011,,,,,,,,10
3110003011,1311000301101,1311000301102,_m_Icon,3010003,,3,,campaign_03_102,180000,13,3,,,,,1,15,1,3727,,,4,1,1421009,1421004,,40130002,,,,,,1
3110003012,1311000301201,1311000301202,_m_Icon,3010003,,3,,campaign_03_104,180000,13,3,,,,,1,15,1,4127,,,4,1,1421005,1421003,,40130013,,,,,,2
3110003013,1311000301301,1311000301302,_m_Icon,3010003,,3,,campaign_03_106,180000,13,3,,,,,1,15,1,4557,,,5,1,1421006,1421012,,40130006,,,,,,3
3110003014,1311000301401,1311000301402,_m_Icon,3010003,,3,,campaign_03_108,180000,13,3,,,,,1,15,1,4784,,,5,1,1421007,1421014,,40130001,,,,,,4
3110003015,1311000301501,1311000301502,_m_Icon,3010003,,3,,campaign_03_110,180000,13,3,,,,,1,15,1,5511,,,5,1,1421010,1421015,,40130019,,,,,,5
3110004001,1311000400101,1311000400102,_m_Icon,3010004,,2,,campaign_04_001,180000,17,0,,,,,0,7,1,4784,,,5,1,,,,40220003,,,,,,1
3110004002,1311000400201,1311000400202,_m_Icon,3010004,,2,,campaign_04_002,180000,17,0,,,,,1,7,1,5019,,,5,1,,,,40220003,,,,,,2
3110004003,1311000400301,1311000400302,_m_Icon,3010004,,2,,campaign_04_003,180000,17,0,,,,,0,7,1,5261,,,5,1,,,,40220007,,,,,,3
3110004004,1311000400401,1311000400402,_m_Icon,3010004,,2,,campaign_04_004,180000,17,0,,,,,1,7,1,5511,,,5,1,,,,40220007,,,,,,4
3110004005,1311000400501,1311000400502,_m_Icon,3010004,,2,,campaign_04_005,180000,17,0,,,,,0,7,1,5769,,,5,1,,,,40220004,,,,,,5
3110004006,1311000400601,1311000400602,_m_Icon,3010004,,2,,campaign_04_006,180000,17,0,,,,,1,7,1,6034,,,5,1,,,,40220004,,,,,,6
3110004007,1311000400701,1311000400702,_m_Icon,3010004,,2,,campaign_04_007,180000,17,0,,,,,0,7,1,6308,,,5,1,,,,40220001,,,,,,7
3110004008,1311000400801,1311000400802,_m_Icon,3010004,,2,,campaign_04_008,180000,17,0,,,,,1,7,1,6588,,,5,1,,,,40220001,,,,,,8
3110004009,1311000400901,1311000400902,_m_Icon,3010004,,2,,campaign_04_009,180000,17,0,,,,,0,7,1,6877,,,5,1,,,,40220002,,,,,,9
3110004010,1311000401001,1311000401002,_m_Icon,3010004,,2,,campaign_04_010,180000,17,0,,,,,1,7,1,7173,,,5,1,,,,40220002,,,,,,10
3110004011,1311000401101,1311000401102,_m_Icon,3010004,,3,,campaign_04_102,180000,17,3,,,,,1,15,1,6034,,,5,1,1421013,,,40130016,40220006,,,,,1
3110004012,1311000401201,1311000401202,_m_Icon,3010004,,3,,campaign_04_104,180000,17,3,,,,,1,15,1,6588,,,5,1,,,,40130004,40220005,,,,,2
3110004013,1311000401301,1311000401302,_m_Icon,3010004,,3,,campaign_04_106,180000,17,3,,,,,1,15,1,7173,,,5,1,,,,40130005,40220002,,,,,3
3110004014,1311000401401,1311000401402,_m_Icon,3010004,,3,,campaign_04_108,180000,17,3,,,,,1,15,1,7477,,,5,1,,,,40130015,40220001,,,,,4
3110004015,1311000401501,1311000401502,_m_Icon,3010004,,3,,campaign_04_110,180000,17,3,,,,,1,15,1,8435,,,5,1,,,,40130008,40220004,,,,,5
3110005001,1311000500101,1311000500102,_m_Icon,3010005,,2,,campaign_05_001,180000,21,0,,,,,0,7,1,7477,,,5,1,,,,40220005,,,,,,1
3110005002,1311000500201,1311000500202,_m_Icon,3010005,,2,,campaign_05_002,180000,21,0,,,,,1,7,1,7788,,,5,1,,,,40220005,,,,,,2
3110005003,1311000500301,1311000500302,_m_Icon,3010005,,2,,campaign_05_003,180000,21,0,,,,,0,7,1,8108,,,5,1,,,,40220006,,,,,,3
3110005004,1311000500401,1311000500402,_m_Icon,3010005,,2,,campaign_05_004,180000,21,0,,,,,1,7,1,8435,,,5,1,,,,40220006,,,,,,4
3110005005,1311000500501,1311000500502,_m_Icon,3010005,,2,,campaign_05_005,180000,21,0,,,,,0,7,1,8769,,,5,1,,,,40220012,,,,,,5
3110005006,1311000500601,1311000500602,_m_Icon,3010005,,2,,campaign_05_006,180000,21,0,,,,,1,7,1,9112,,,5,1,,,,40220012,,,,,,6
3110005007,1311000500701,1311000500702,_m_Icon,3010005,,2,,campaign_05_007,180000,21,0,,,,,0,7,1,9462,,,5,1,,,,40220013,,,,,,7
3110005008,1311000500801,1311000500802,_m_Icon,3010005,,2,,campaign_05_008,180000,21,0,,,,,1,7,1,9819,,,5,1,,,,40220013,,,,,,8
3110005009,1311000500901,1311000500902,_m_Icon,3010005,,2,,campaign_05_009,180000,21,0,,,,,0,7,1,10185,,,5,1,,,,40220009,,,,,,9
3110005010,1311000501001,1311000501002,_m_Icon,3010005,,2,,campaign_05_010,180000,21,0,,,,,1,7,1,10558,,,5,1,,,,40220009,,,,,,10
3110005011,1311000501101,1311000501102,_m_Icon,3010005,,3,,campaign_05_102,180000,21,3,,,,,1,15,1,9112,,,5,1,,,,40130006,40220007,,,,,1
3110005012,1311000501201,1311000501202,_m_Icon,3010005,,3,,campaign_05_104,180000,21,3,,,,,1,15,1,9819,,,5,1,,,,40130002,40220003,,,,,2
3110005013,1311000501301,1311000501302,_m_Icon,3010005,,3,,campaign_05_106,180000,21,3,,,,,1,15,1,10558,,,5,1,,,,40130001,40220011,,,,,3
3110005014,1311000501401,1311000501402,_m_Icon,3010005,,3,,campaign_05_108,180000,21,3,,,,,1,15,1,10939,,,5,1,,,,40130013,40220010,,,,,4
3110005015,1311000501501,1311000501502,_m_Icon,3010005,,3,,campaign_05_110,180000,21,3,,,,,1,15,1,12127,,,5,1,,,,40130004,40220015,,,,,5
3110006001,1311000600101,1311000600102,_m_Icon,3010006,,2,,campaign_06_001,180000,21,0,,,,,0,7,1,10939,,,5,1,,,,40220019,,,,,,1
3110006002,1311000600201,1311000600202,_m_Icon,3010006,,2,,campaign_06_002,180000,21,0,,,,,1,7,1,11327,,,5,1,,,,40220019,,,,,,2
3110006003,1311000600301,1311000600302,_m_Icon,3010006,,2,,campaign_06_003,180000,21,0,,,,,0,7,1,11723,,,5,1,,,,40220014,,,,,,3
3110006004,1311000600401,1311000600402,_m_Icon,3010006,,2,,campaign_06_004,180000,21,0,,,,,1,7,1,12127,,,5,1,,,,40220014,,,,,,4
3110006005,1311000600501,1311000600502,_m_Icon,3010006,,2,,campaign_06_005,180000,21,0,,,,,0,7,1,12539,,,5,1,,,,40220017,,,,,,5
3110006006,1311000600601,1311000600602,_m_Icon,3010006,,2,,campaign_06_006,180000,21,0,,,,,1,7,1,12958,,,5,1,,,,40220017,,,,,,6
3110006007,1311000600701,1311000600702,_m_Icon,3010006,,2,,campaign_06_007,180000,21,0,,,,,0,7,1,13385,,,5,1,,,,40220016,,,,,,7
3110006008,1311000600801,1311000600802,_m_Icon,3010006,,2,,campaign_06_008,180000,21,0,,,,,1,7,1,13820,,,5,1,,,,40220016,,,,,,8
3110006009,1311000600901,1311000600902,_m_Icon,3010006,,2,,campaign_06_009,180000,21,0,,,,,0,7,1,14262,,,5,1,,,,40220018,,,,,,9
3110006010,1311000601001,1311000601002,_m_Icon,3010006,,2,,campaign_06_010,180000,21,0,,,,,1,7,1,14712,,,5,1,,,,40220018,,,,,,10
3110006011,1311000601101,1311000601102,_m_Icon,3010006,,3,,campaign_06_102,180000,21,3,,,,,1,15,1,12958,,,5,1,,,,40130007,40220008,,,,,1
3110006012,1311000601201,1311000601202,_m_Icon,3010006,,3,,campaign_06_104,180000,21,3,,,,,1,15,1,13820,,,5,1,,,,40130005,40220018,,,,,2
3110006013,1311000601301,1311000601302,_m_Icon,3010006,,3,,campaign_06_106,180000,21,3,,,,,1,15,1,14712,,,5,1,,,,40130019,40220016,,,,,3
3110006014,1311000601401,1311000601402,_m_Icon,3010006,,3,,campaign_06_108,180000,21,3,,,,,1,15,1,15170,,,5,1,,,,40130016,40220017,,,,,4
3110006015,1311000601501,1311000601502,_m_Icon,3010006,,3,,campaign_06_110,180000,21,3,,,,,1,15,1,16589,,,5,1,,,,40130006,40220014,,,,,5
3110007001,1311000700101,1311000700102,_m_Icon,3010007,,2,,campaign_07_001,180000,21,0,,,,,0,7,1,15170,,,5,1,,,,40220008,,,,,,1
3110007002,1311000700201,1311000700202,_m_Icon,3010007,,2,,campaign_07_002,180000,21,0,,,,,1,7,1,15635,,,5,1,,,,40220008,,,,,,2
3110007003,1311000700301,1311000700302,_m_Icon,3010007,,2,,campaign_07_003,180000,21,0,,,,,0,7,1,16108,,,5,1,,,,40220015,,,,,,3
3110007004,1311000700401,1311000700402,_m_Icon,3010007,,2,,campaign_07_004,180000,21,0,,,,,1,7,1,16589,,,5,1,,,,40220015,,,,,,4
3110007005,1311000700501,1311000700502,_m_Icon,3010007,,2,,campaign_07_005,180000,21,0,,,,,0,7,1,17078,,,5,1,,,,40220010,,,,,,5
3110007006,1311000700601,1311000700602,_m_Icon,3010007,,2,,campaign_07_006,180000,21,0,,,,,1,7,1,17574,,,5,1,,,,40220010,,,,,,6
3110007007,1311000700701,1311000700702,_m_Icon,3010007,,2,,campaign_07_007,180000,21,0,,,,,0,7,1,18078,,,5,1,,,,40220011,,,,,,7
3110007008,1311000700801,1311000700802,_m_Icon,3010007,,2,,campaign_07_008,180000,21,0,,,,,1,7,1,18589,,,5,1,,,,40220011,,,,,,8
3110007009,1311000700901,1311000700902,_m_Icon,3010007,,2,,campaign_07_009,180000,21,0,,,,,0,7,1,19109,,,5,1,,,,40220001,,,,,,9
3110007010,1311000701001,1311000701002,_m_Icon,3010007,,2,,campaign_07_010,180000,21,0,,,,,1,7,1,19636,,,5,1,,,,40220001,,,,,,10
3110007011,1311000701101,1311000701102,_m_Icon,3010007,,3,,campaign_07_102,180000,21,3,,,,,1,15,1,17574,,,5,1,,,,40130015,40220019,,,,,1
3110007012,1311000701201,1311000701202,_m_Icon,3010007,,3,,campaign_07_104,180000,21,3,,,,,1,15,1,18589,,,5,1,,,,40130004,40220009,,,,,2
3110007013,1311000701301,1311000701302,_m_Icon,3010007,,3,,campaign_07_106,180000,21,3,,,,,1,15,1,19636,,,5,1,,,,40130002,40220013,,,,,3
3110007014,1311000701401,1311000701402,_m_Icon,3010007,,3,,campaign_07_108,180000,21,3,,,,,1,15,1,20170,,,5,1,,,,40130001,40220012,,,,,4
3110007015,1311000701501,1311000701502,_m_Icon,3010007,,3,,campaign_07_110,180000,21,3,,,,,1,15,1,21820,,,5,1,,,,40130019,40220001,,,,,5
3110008001,1311000800101,1311000800102,_m_Icon,3010008,,2,,campaign_08_001,180000,21,0,,,,,0,7,1,20170,,,5,1,,,,40220014,,,,,,1
3110008002,1311000800201,1311000800202,_m_Icon,3010008,,2,,campaign_08_002,180000,21,0,,,,,1,7,1,20713,,,5,1,,,,40220014,,,,,,2
3110008003,1311000800301,1311000800302,_m_Icon,3010008,,2,,campaign_08_003,180000,21,0,,,,,0,7,1,21263,,,5,1,,,,40220016,,,,,,3
3110008004,1311000800401,1311000800402,_m_Icon,3010008,,2,,campaign_08_004,180000,21,0,,,,,1,7,1,21820,,,5,1,,,,40220016,,,,,,4
3110008005,1311000800501,1311000800502,_m_Icon,3010008,,2,,campaign_08_005,180000,21,0,,,,,0,7,1,22386,,,5,1,,,,40220008,,,,,,5
3110008006,1311000800601,1311000800602,_m_Icon,3010008,,2,,campaign_08_006,180000,21,0,,,,,1,7,1,22959,,,5,1,,,,40220008,,,,,,6
3110008007,1311000800701,1311000800702,_m_Icon,3010008,,2,,campaign_08_007,180000,21,0,,,,,0,7,1,23540,,,5,1,,,,40220019,,,,,,7
3110008008,1311000800801,1311000800802,_m_Icon,3010008,,2,,campaign_08_008,180000,21,0,,,,,1,7,1,24128,,,5,1,,,,40220019,,,,,,8
3110008009,1311000800901,1311000800902,_m_Icon,3010008,,2,,campaign_08_009,180000,21,0,,,,,0,7,1,24725,,,5,1,,,,40220009,,,,,,9
3110008010,1311000801001,1311000801002,_m_Icon,3010008,,2,,campaign_08_010,180000,21,0,,,,,1,7,1,25329,,,5,1,,,,40220009,,,,,,10
3110008011,1311000801101,1311000801102,_m_Icon,3010008,,3,,campaign_08_102,180000,21,3,,,,,1,15,1,22959,,,5,1,,,,40130015,40220009,,,,,1
3110008012,1311000801201,1311000801202,_m_Icon,3010008,,3,,campaign_08_104,180000,21,3,,,,,1,15,1,24128,,,5,1,,,,40130004,40220019,,,,,2
3110008013,1311000801301,1311000801302,_m_Icon,3010008,,3,,campaign_08_106,180000,21,3,,,,,1,15,1,25329,,,5,1,,,,40130002,40220008,,,,,3
3110008014,1311000801401,1311000801402,_m_Icon,3010008,,3,,campaign_08_108,180000,21,3,,,,,1,15,1,26559,,,5,1,,,,40130001,40220016,,,,,4
3110008015,1311000801501,1311000801502,_m_Icon,3010008,,3,,campaign_08_110,180000,21,3,,,,,1,15,1,27821,,,5,1,,,,40130019,40220014,,,,,5
3110009001,1311000900101,1311000900102,_m_Icon,3010009,,2,,campaign_09_001,180000,21,0,,,,,0,7,1,20170,,,5,1,,,,40240002,,,,,,1
3110009002,1311000900201,1311000900202,_m_Icon,3010009,,2,,campaign_09_002,180000,21,0,,,,,1,7,1,20713,,,5,1,,,,40240002,,,,,,2
3110009003,1311000900301,1311000900302,_m_Icon,3010009,,2,,campaign_09_003,180000,21,0,,,,,0,7,1,21263,,,5,1,,,,40240001,,,,,,3
3110009004,1311000900401,1311000900402,_m_Icon,3010009,,2,,campaign_09_004,180000,21,0,,,,,1,7,1,21820,,,5,1,,,,40240001,,,,,,4
3110009005,1311000900501,1311000900502,_m_Icon,3010009,,2,,campaign_09_005,180000,21,0,,,,,0,7,1,22386,,,5,1,,,,40240005,,,,,,5
3110009006,1311000900601,1311000900602,_m_Icon,3010009,,2,,campaign_09_006,180000,21,0,,,,,1,7,1,22959,,,5,1,,,,40240005,,,,,,6
3110009007,1311000900701,1311000900702,_m_Icon,3010009,,2,,campaign_09_007,180000,21,0,,,,,0,7,1,23540,,,5,1,,,,40240003,,,,,,7
3110009008,1311000900801,1311000900802,_m_Icon,3010009,,2,,campaign_09_008,180000,21,0,,,,,1,7,1,24128,,,5,1,,,,40240003,,,,,,8
3110009009,1311000900901,1311000900902,_m_Icon,3010009,,2,,campaign_09_009,180000,21,0,,,,,0,7,1,24725,,,5,1,,,,40240009,,,,,,9
3110009010,1311000901001,1311000901002,_m_Icon,3010009,,2,,campaign_09_010,180000,21,0,,,,,1,7,1,25329,,,5,1,,,,40240009,,,,,,10
3110009011,1311000901101,1311000901102,_m_Icon,3010009,,3,,campaign_09_102,180000,21,3,,,,,1,15,1,22959,,,5,1,,,,40130015,40240007,,,,,1
3110009012,1311000901201,1311000901202,_m_Icon,3010009,,3,,campaign_09_104,180000,21,3,,,,,1,15,1,24128,,,5,1,,,,40130004,40240004,,,,,2
3110009013,1311000901301,1311000901302,_m_Icon,3010009,,3,,campaign_09_106,180000,21,3,,,,,1,15,1,25329,,,5,1,,,,40130002,40240010,,,,,3
3110009014,1311000901401,1311000901402,_m_Icon,3010009,,3,,campaign_09_108,180000,21,3,,,,,1,15,1,26559,,,5,1,,,,40130001,40240008,,,,,4
3110009015,1311000901501,1311000901502,_m_Icon,3010009,,3,,campaign_09_110,180000,21,3,,,,,1,15,1,27821,,,5,1,,,,40130019,40240006,,,,,5
3110010001,1311001000101,1311001000102,_m_Icon,3010010,,2,,campaign_010_001,180000,21,0,,,,,0,7,1,20170,,,5,1,,,,40240006,,,,,,1
3110010002,1311001000201,1311001000202,_m_Icon,3010010,,2,,campaign_010_002,180000,21,0,,,,,1,7,1,20713,,,5,1,,,,40240006,,,,,,2
3110010003,1311001000301,1311001000302,_m_Icon,3010010,,2,,campaign_010_003,180000,21,0,,,,,0,7,1,21263,,,5,1,,,,40240008,,,,,,3
3110010004,1311001000401,1311001000402,_m_Icon,3010010,,2,,campaign_010_004,180000,21,0,,,,,1,7,1,21820,,,5,1,,,,40240008,,,,,,4
3110010005,1311001000501,1311001000502,_m_Icon,3010010,,2,,campaign_010_005,180000,21,0,,,,,0,7,1,22386,,,5,1,,,,40240010,,,,,,5
3110010006,1311001000601,1311001000602,_m_Icon,3010010,,2,,campaign_010_006,180000,21,0,,,,,1,7,1,22959,,,5,1,,,,40240010,,,,,,6
3110010007,1311001000701,1311001000702,_m_Icon,3010010,,2,,campaign_010_007,180000,21,0,,,,,0,7,1,23540,,,5,1,,,,40240004,,,,,,7
3110010008,1311001000801,1311001000802,_m_Icon,3010010,,2,,campaign_010_008,180000,21,0,,,,,1,7,1,24128,,,5,1,,,,40240004,,,,,,8
3110010009,1311001000901,1311001000902,_m_Icon,3010010,,2,,campaign_010_009,180000,21,0,,,,,0,7,1,24725,,,5,1,,,,40240007,,,,,,9
3110010010,1311001001001,1311001001002,_m_Icon,3010010,,2,,campaign_010_010,180000,21,0,,,,,1,7,1,25329,,,5,1,,,,40240007,,,,,,10
3110010011,1311001001101,1311001001102,_m_Icon,3010010,,3,,campaign_010_102,180000,21,3,,,,,1,15,1,22959,,,5,1,,,,40130015,40240009,,,,,1
3110010012,1311001001201,1311001001202,_m_Icon,3010010,,3,,campaign_010_104,180000,21,3,,,,,1,15,1,24128,,,5,1,,,,40130004,40240003,,,,,2
3110010013,1311001001301,1311001001302,_m_Icon,3010010,,3,,campaign_010_106,180000,21,3,,,,,1,15,1,25329,,,5,1,,,,40130002,40240005,,,,,3
3110010014,1311001001401,1311001001402,_m_Icon,3010010,,3,,campaign_010_108,180000,21,3,,,,,1,15,1,26559,,,5,1,,,,40130001,40240001,,,,,4
3110010015,1311001001501,1311001001502,_m_Icon,3010010,,3,,campaign_010_110,180000,21,3,,,,,1,15,1,27821,,,5,1,,,,40130019,40240002,,,,,5
3110011001,1311001100101,1311001100102,_m_Icon,3010011,,2,,campaign_011_001,180000,21,0,,,,,0,7,1,20170,,,5,1,,,,40240012,,,,,,1
3110011002,1311001100201,1311001100202,_m_Icon,3010011,,2,,campaign_011_002,180000,21,0,,,,,1,7,1,20713,,,5,1,,,,40240012,,,,,,2
3110011003,1311001100301,1311001100302,_m_Icon,3010011,,2,,campaign_011_003,180000,21,0,,,,,0,7,1,21263,,,5,1,,,,40240015,,,,,,3
3110011004,1311001100401,1311001100402,_m_Icon,3010011,,2,,campaign_011_004,180000,21,0,,,,,1,7,1,21820,,,5,1,,,,40240015,,,,,,4
3110011005,1311001100501,1311001100502,_m_Icon,3010011,,2,,campaign_011_005,180000,21,0,,,,,0,7,1,22386,,,5,1,,,,40240024,,,,,,5
3110011006,1311001100601,1311001100602,_m_Icon,3010011,,2,,campaign_011_006,180000,21,0,,,,,1,7,1,22959,,,5,1,,,,40240024,,,,,,6
3110011007,1311001100701,1311001100702,_m_Icon,3010011,,2,,campaign_011_007,180000,21,0,,,,,0,7,1,23540,,,5,1,,,,40240013,,,,,,7
3110011008,1311001100801,1311001100802,_m_Icon,3010011,,2,,campaign_011_008,180000,21,0,,,,,1,7,1,24128,,,5,1,,,,40240013,,,,,,8
3110011009,1311001100901,1311001100902,_m_Icon,3010011,,2,,campaign_011_009,180000,21,0,,,,,0,7,1,24725,,,5,1,,,,40240020,,,,,,9
3110011010,1311001101001,1311001101002,_m_Icon,3010011,,2,,campaign_011_010,180000,21,0,,,,,1,7,1,25329,,,5,1,,,,40240020,,,,,,10
3110011011,1311001101101,1311001101102,_m_Icon,3010011,,3,,campaign_011_102,180000,21,3,,,,,1,15,1,22959,,,5,1,,,,40130015,40240012,,,,,1
3110011012,1311001101201,1311001101202,_m_Icon,3010011,,3,,campaign_011_104,180000,21,3,,,,,1,15,1,24128,,,5,1,,,,40130004,40240019,,,,,2
3110011013,1311001101301,1311001101302,_m_Icon,3010011,,3,,campaign_011_106,180000,21,3,,,,,1,15,1,25329,,,5,1,,,,40130002,40240018,,,,,3
3110011014,1311001101401,1311001101402,_m_Icon,3010011,,3,,campaign_011_108,180000,21,3,,,,,1,15,1,26559,,,5,1,,,,40130001,40240016,,,,,4
3110011015,1311001101501,1311001101502,_m_Icon,3010011,,3,,campaign_011_110,180000,21,3,,,,,1,15,1,27821,,,5,1,,,,40130019,40240023,,,,,5
3110012001,1311001200101,1311001200102,_m_Icon,3010012,,2,,campaign_012_001,180000,21,0,,,,,0,7,1,20170,,,5,1,,,,40240017,,,,,,1
3110012002,1311001200201,1311001200202,_m_Icon,3010012,,2,,campaign_012_002,180000,21,0,,,,,1,7,1,20713,,,5,1,,,,40240017,,,,,,2
3110012003,1311001200301,1311001200302,_m_Icon,3010012,,2,,campaign_012_003,180000,21,0,,,,,0,7,1,21263,,,5,1,,,,40240011,,,,,,3
3110012004,1311001200401,1311001200402,_m_Icon,3010012,,2,,campaign_012_004,180000,21,0,,,,,1,7,1,21820,,,5,1,,,,40240011,,,,,,4
3110012005,1311001200501,1311001200502,_m_Icon,3010012,,2,,campaign_012_005,180000,21,0,,,,,0,7,1,22386,,,5,1,,,,40240022,,,,,,5
3110012006,1311001200601,1311001200602,_m_Icon,3010012,,2,,campaign_012_006,180000,21,0,,,,,1,7,1,22959,,,5,1,,,,40240022,,,,,,6
3110012007,1311001200701,1311001200702,_m_Icon,3010012,,2,,campaign_012_007,180000,21,0,,,,,0,7,1,23540,,,5,1,,,,40240014,,,,,,7
3110012008,1311001200801,1311001200802,_m_Icon,3010012,,2,,campaign_012_008,180000,21,0,,,,,1,7,1,24128,,,5,1,,,,40240014,,,,,,8
3110012009,1311001200901,1311001200902,_m_Icon,3010012,,2,,campaign_012_009,180000,21,0,,,,,0,7,1,24725,,,5,1,,,,40240021,,,,,,9
3110012010,1311001201001,1311001201002,_m_Icon,3010012,,2,,campaign_012_010,180000,21,0,,,,,1,7,1,25329,,,5,1,,,,40240021,,,,,,10
3110012011,1311001201101,1311001201102,_m_Icon,3010012,,3,,campaign_012_102,180000,21,3,,,,,1,15,1,22959,,,5,1,,,,40130015,40240021,,,,,1
3110012012,1311001201201,1311001201202,_m_Icon,3010012,,3,,campaign_012_104,180000,21,3,,,,,1,15,1,24128,,,5,1,,,,40130004,40240014,,,,,2
3110012013,1311001201301,1311001201302,_m_Icon,3010012,,3,,campaign_012_106,180000,21,3,,,,,1,15,1,25329,,,5,1,,,,40130002,40240022,,,,,3
3110012014,1311001201401,1311001201402,_m_Icon,3010012,,3,,campaign_012_108,180000,21,3,,,,,1,15,1,26559,,,5,1,,,,40130001,40240011,,,,,4
3110012015,1311001201501,1311001201502,_m_Icon,3010012,,3,,campaign_012_110,180000,21,3,,,,,1,15,1,27821,,,5,1,,,,40130019,40240017,,,,,5
3110013001,1311001300101,1311001300102,_m_Icon,3010013,,2,,campaign_013_001,180000,21,0,,,,,0,7,1,20170,,,5,1,,,,40240023,,,,,,1
3110013002,1311001300201,1311001300202,_m_Icon,3010013,,2,,campaign_013_002,180000,21,0,,,,,1,7,1,20713,,,5,1,,,,40240023,,,,,,2
3110013003,1311001300301,1311001300302,_m_Icon,3010013,,2,,campaign_013_003,180000,21,0,,,,,0,7,1,21263,,,5,1,,,,40240016,,,,,,3
3110013004,1311001300401,1311001300402,_m_Icon,3010013,,2,,campaign_013_004,180000,21,0,,,,,1,7,1,21820,,,5,1,,,,40240016,,,,,,4
3110013005,1311001300501,1311001300502,_m_Icon,3010013,,2,,campaign_013_005,180000,21,0,,,,,0,7,1,22386,,,5,1,,,,40240018,,,,,,5
3110013006,1311001300601,1311001300602,_m_Icon,3010013,,2,,campaign_013_006,180000,21,0,,,,,1,7,1,22959,,,5,1,,,,40240018,,,,,,6
3110013007,1311001300701,1311001300702,_m_Icon,3010013,,2,,campaign_013_007,180000,21,0,,,,,0,7,1,23540,,,5,1,,,,40240019,,,,,,7
3110013008,1311001300801,1311001300802,_m_Icon,3010013,,2,,campaign_013_008,180000,21,0,,,,,1,7,1,24128,,,5,1,,,,40240019,,,,,,8
3110013009,1311001300901,1311001300902,_m_Icon,3010013,,2,,campaign_013_009,180000,21,0,,,,,0,7,1,24725,,,5,1,,,,40240012,,,,,,9
3110013010,1311001301001,1311001301002,_m_Icon,3010013,,2,,campaign_013_010,180000,21,0,,,,,1,7,1,25329,,,5,1,,,,40240012,,,,,,10
3110013011,1311001301101,1311001301102,_m_Icon,3010013,,3,,campaign_013_102,180000,21,3,,,,,1,15,1,22959,,,5,1,,,,40130008,40240020,,,,,1
3110013012,1311001301201,1311001301202,_m_Icon,3010013,,3,,campaign_013_104,180000,21,3,,,,,1,15,1,24128,,,5,1,,,,40130005,40240013,,,,,2
3110013013,1311001301301,1311001301302,_m_Icon,3010013,,3,,campaign_013_106,180000,21,3,,,,,1,15,1,25329,,,5,1,,,,40130007,40240024,,,,,3
3110013014,1311001301401,1311001301402,_m_Icon,3010013,,3,,campaign_013_108,180000,21,3,,,,,1,15,1,26559,,,5,1,,,,40130016,40240015,,,,,4
3110013015,1311001301501,1311001301502,_m_Icon,3010013,,3,,campaign_013_110,180000,21,3,,,,,1,15,1,27821,,,5,1,,,,40130013,40240012,,,,,5
3120001001,1312000100101,1312000100102,_m_Icon,3020001,,5,,daily_01_001,180000,20,2,,,,,1,10,0,4127,,,3,1,,,,40220001,,,,,,1
3120001002,1312000100201,1312000100202,_m_Icon,3020001,,5,,daily_01_002,180000,26,2,,,,,1,10,0,7477,,,4,1,,,,40220007,,,,,,2
3120001003,1312000100301,1312000100302,_m_Icon,3020001,,5,,daily_01_003,180000,33,2,,,,,1,10,0,12539,,,4,1,,,,40220013,,,,,,3
3120001004,1312000100401,1312000100402,_m_Icon,3020001,,5,,daily_01_004,180000,40,2,,,,,1,10,0,18589,,,3,1,,,,40240002,,,,,,4
3120001005,1312000100501,1312000100502,_m_Icon,3020001,,5,,daily_01_005,180000,47,2,,,,,1,10,0,30437,,,4,1,,,,40240012,,,,,,5
3120001006,1312000100601,1312000100602,_m_Icon,3020001,,5,,daily_01_006,180000,54,2,,,,,1,10,0,,,,4,1,,,,40240012,,,,,,6
3120002001,1312000200101,1312000200102,_m_Icon,3020002,,5,,daily_02_001,180000,20,2,,,,,1,10,0,4127,,,3,1,,,,40220002,,,,,,1
3120002002,1312000200201,1312000200202,_m_Icon,3020002,,5,,daily_02_002,180000,26,2,,,,,1,10,0,7477,,,4,1,,,,40220008,,,,,,2
3120002003,1312000200301,1312000200302,_m_Icon,3020002,,5,,daily_02_003,180000,33,2,,,,,1,10,0,12539,,,4,1,,,,40220012,,,,,,3
3120002004,1312000200401,1312000200402,_m_Icon,3020002,,5,,daily_02_004,180000,40,2,,,,,1,10,0,18589,,,3,1,,,,40240005,,,,,,4
3120002005,1312000200501,1312000200502,_m_Icon,3020002,,5,,daily_02_005,180000,47,2,,,,,1,10,0,30437,,,4,1,,,,40240015,,,,,,5
3120002006,1312000200601,1312000200602,_m_Icon,3020002,,5,,daily_02_006,180000,54,2,,,,,1,10,0,,,,4,1,,,,40240015,,,,,,6
3120003001,1312000300101,1312000300102,_m_Icon,3020003,,5,,daily_03_001,180000,20,2,,,,,1,10,0,4127,,,3,1,,,,40220003,,,,,,1
3120003002,1312000300201,1312000300202,_m_Icon,3020003,,5,,daily_03_002,180000,26,2,,,,,1,10,0,7477,,,4,1,,,,40220009,,,,,,2
3120003003,1312000300301,1312000300302,_m_Icon,3020003,,5,,daily_03_003,180000,33,2,,,,,1,10,0,12539,,,4,1,,,,40220019,,,,,,3
3120003004,1312000300401,1312000300402,_m_Icon,3020003,,5,,daily_03_004,180000,40,2,,,,,1,10,0,18589,,,3,1,,,,40240008,,,,,,4
3120003005,1312000300501,1312000300502,_m_Icon,3020003,,5,,daily_03_005,180000,47,2,,,,,1,10,0,30437,,,4,1,,,,40240020,,,,,,5
3120003006,1312000300601,1312000300602,_m_Icon,3020003,,5,,daily_03_006,180000,54,2,,,,,1,10,0,,,,4,1,,,,40240020,,,,,,6
3120004001,1312000400101,1312000400102,_m_Icon,3020004,,5,,daily_04_001,180000,20,2,,,,,1,10,0,4127,,,3,1,,,,40220004,,,,,,1
3120004002,1312000400201,1312000400202,_m_Icon,3020004,,5,,daily_04_002,180000,26,2,,,,,1,10,0,7477,,,4,1,,,,40220016,,,,,,2
3120004003,1312000400301,1312000400302,_m_Icon,3020004,,5,,daily_04_003,180000,33,2,,,,,1,10,0,12539,,,4,1,,,,40220014,,,,,,3
3120004004,1312000400401,1312000400402,_m_Icon,3020004,,5,,daily_04_004,180000,40,2,,,,,1,10,0,18589,,,3,1,,,,40240009,,,,,,4
3120004005,1312000400501,1312000400502,_m_Icon,3020004,,5,,daily_04_005,180000,47,2,,,,,1,10,0,30437,,,4,1,,,,40240024,,,,,,5
3120004006,1312000400601,1312000400602,_m_Icon,3020004,,5,,daily_04_006,180000,54,2,,,,,1,10,0,,,,4,1,,,,40240024,,,,,,6
3120005001,1312000500101,1312000500102,_m_Icon,3020005,,6,,daily_05_001,180000,10,3,,,,,1,10,0,1973,,,2,1,,,,40320002,40310002,,,,,1
3120005002,1312000500201,1312000500202,_m_Icon,3020005,,6,,daily_05_002,180000,20,3,,,,,1,10,0,4127,,,4,1,,,,40320002,40310002,,,,,2
3120005003,1312000500301,1312000500302,_m_Icon,3020005,,6,,daily_05_003,180000,30,3,,,,,1,10,0,10185,,,4,1,,,,40330002,40320002,40310002,,,,3
3120005004,1312000500401,1312000500402,_m_Icon,3020005,,6,,daily_05_004,180000,40,3,,,,,1,10,0,18589,,,3,1,,,,40330002,40320002,40310002,,,,4
3120005005,1312000500501,1312000500502,_m_Icon,3020005,,6,,daily_05_005,180000,50,3,,,,,1,10,0,30437,,,4,1,,,,40330002,40320002,40310002,,,,5
3120005006,1312000500601,1312000500602,_m_Icon,3020005,,6,,daily_05_006,180000,60,3,,,,,1,10,0,,,,4,1,,,,40330002,40320002,40310002,,,,6
3120006001,1312000600101,1312000600102,_m_Icon,3020006,,6,,daily_06_001,180000,10,3,,,,,1,10,0,1973,,,2,1,,,,40330001,40320001,40310001,,,,1
3120006002,1312000600201,1312000600202,_m_Icon,3020006,,6,,daily_06_002,180000,20,3,,,,,1,10,0,4127,,,4,1,,,,40330001,40320001,40310001,,,,2
3120006003,1312000600301,1312000600302,_m_Icon,3020006,,6,,daily_06_003,180000,30,3,,,,,1,10,0,10185,,,4,1,,,,40330001,40320001,40310001,,,,3
3120006004,1312000600401,1312000600402,_m_Icon,3020006,,6,,daily_06_004,180000,40,3,,,,,1,10,0,18589,,,3,1,,,,40330001,40320001,40310001,,,,4
3120006005,1312000600501,1312000600502,_m_Icon,3020006,,6,,daily_06_005,180000,50,3,,,,,1,10,0,30437,,,4,1,,,,40330001,40320001,40310001,,,,5
3120006006,1312000600601,1312000600602,_m_Icon,3020006,,6,,daily_06_006,180000,60,3,,,,,1,10,0,,,,4,1,,,,40330001,40320001,40310001,,,,6
3120007001,1312000700101,1312000700102,_m_Icon,3020007,,14,,daily_07_001,180000,25,0,,,,,1,10,0,,,,4,1,,,,40230001,40220020,,,,,1
3120007002,1312000700201,1312000700202,_m_Icon,3020007,,14,,daily_07_002,180000,35,0,,,,,1,10,0,,,,4,1,,,,40240039,40220020,,,,,2
3120007003,1312000700301,1312000700302,_m_Icon,3020007,,14,,daily_07_003,180000,45,0,,,,,1,10,0,,,,4,1,,,,40240039,40230001,40220020,,,,3
3120007004,1312000700401,1312000700402,_m_Icon,3020007,,14,,daily_07_004,180000,55,0,,,,,1,10,0,,,,4,1,,,,40240039,40230001,40220020,,,,4
3130001001,1313000100101,1313000100102,_m_Icon,3030001,,1,1,core_01,180000,27,1,,,,,0,0,0,,280000
3130001002,1313000100201,1313000100202,_m_Icon,3030001,,1,1,core_02,180000,27,1,,,,,0,0,0,,280000
3130001003,1313000100301,1313000100302,_m_Icon,3030001,,1,1,core_03,180000,27,1,,,,,0,0,0,,280000
3130001004,1313000100401,1313000100402,_m_Icon,3030001,,1,1,core_04,180000,27,1,,,,,0,0,0,,280000
3130001005,1313000100501,1313000100502,_m_Icon,3030001,,1,1,core_05,180000,27,1,,,,,0,0,0,,280000
3130001006,1313000100601,1313000100602,_m_Icon,3030001,,1,1,core_06,180000,27,1,,,,,0,0,0,,280000
3130001007,1313000100701,1313000100702,_m_Icon,3030001,,1,1,core_07,180000,27,1,,,,,0,0,0,,280000
3130001008,1313000100801,1313000100802,_m_Icon,3030001,,1,1,core_08,180000,27,1,,,,,0,0,0,,280000
3130001009,1313000100901,1313000100902,_m_Icon,3030001,,1,1,core_09,180000,27,1,,,,,0,0,0,,280000
3130001010,1313000101001,1313000101002,_m_Icon,3030001,,1,1,core_10,180000,27,1,,,,,0,0,0,,280000
3130001011,1313000101101,1313000101102,_m_Icon,3030001,,1,1,core_11,180000,27,1,,,,,0,0,0,,280000
3130001012,1313000101201,1313000101202,_m_Icon,3030001,,1,1,core_12,180000,27,1,,,,,0,0,0,,280000
3130001013,1313000101301,1313000101302,_m_Icon,3030001,,1,1,core_13,180000,27,1,,,,,0,0,0,,280000
3130001014,1313000101401,1313000101402,_m_Icon,3030001,,1,1,core_14,180000,27,1,,,,,0,0,0,,280000
3130001015,1313000101501,1313000101502,_m_Icon,3030001,,1,1,core_15,180000,27,1,,,,,0,0,0,,280000
3130001016,1313000101601,1313000101602,_m_Icon,3030001,,1,1,core_16,180000,27,1,,,,,0,0,0,,280000
3130001017,1313000101701,1313000101702,_m_Icon,3030001,,1,1,core_17,180000,27,1,,,,,0,0,0,,280000
3130001018,1313000101801,1313000101802,_m_Icon,3030001,,1,1,core_18,180000,27,1,,,,,0,0,0,,280000
3130001019,1313000101901,1313000101902,_m_Icon,3030001,,1,1,core_19,180000,27,1,,,,,0,0,0,,280000
3130001020,1313000102001,1313000102002,_m_Icon,3030001,,1,1,core_20,180000,27,1,,,,,0,0,0,,280000
3130001021,1313000102101,1313000102102,_m_Icon,3030001,,1,1,core_21,180000,27,1,,,,,0,0,0,,280000
3130001022,1313000102201,1313000102202,_m_Icon,3030001,,1,1,core_22,180000,27,1,,,,,0,0,0,,280000
3130001023,1313000102301,1313000102302,_m_Icon,3030001,,1,1,core_23,180000,27,1,,,,,0,0,0,,280000
3130001024,1313000102401,1313000102402,_m_Icon,3030001,,1,1,core_24,180000,27,1,,,,,0,0,0,,280000
3130001025,1313000102501,1313000102502,_m_Icon,3030001,,1,1,core_25,180000,27,1,,,,,0,0,0,,280000
3130001026,1313000102601,1313000102602,_m_Icon,3030001,,1,1,core_26,180000,27,1,,,,,0,0,0,,280000
3130001027,1313000102701,1313000102702,_m_Icon,3030001,,1,1,core_27,180000,27,1,,,,,0,0,0,,280000
3130001028,1313000102801,1313000102802,_m_Icon,3030001,,1,1,core_28,180000,27,1,,,,,0,0,0,,280000
3130001029,1313000102901,1313000102902,_m_Icon,3030001,,1,1,core_29,180000,27,1,,,,,0,0,0,,280000
3130001030,1313000103001,1313000103002,_m_Icon,3030001,,1,1,core_30,180000,27,1,,,,,0,0,0,,280000
3130001031,1313000103101,1313000103102,_m_Icon,3030001,,1,1,core_31,180000,27,1,,,,,0,0,0,,280000
3130001032,1313000103201,1313000103202,_m_Icon,3030001,,1,1,core_32,180000,27,1,,,,,0,0,0,,280000
3130001033,1313000103301,1313000103302,_m_Icon,3030001,,1,1,core_33,180000,27,1,,,,,0,0,0,,280000
3130001034,1313000103401,1313000103402,_m_Icon,3030001,,1,1,core_34,180000,27,1,,,,,0,0,0,,280000
3130001035,1313000103501,1313000103502,_m_Icon,3030001,,9,1,core_35,180000,27,1,,,,,0,0,0,,280000
3130001036,1313000103601,1313000103602,_m_Icon,3030001,,9,1,core_36,180000,27,1,,,,,0,0,0,,280000
3130001037,1313000103701,1313000103702,_m_Icon,3030001,,9,1,core_37,180000,27,1,,,,,0,0,0,,280000
3130001038,1313000103801,1313000103802,_m_Icon,3030001,,9,1,core_38,180000,27,1,,,,,0,0,0,,280000
3130001039,1313000103901,1313000103902,_m_Icon,3030001,,9,1,core_39,180000,27,1,,,,,0,0,0,,280000
3130001040,1313000104001,1313000104002,_m_Icon,3030001,,9,1,core_40,180000,27,1,,,,,0,0,0,,280000
3130001041,1313000104101,1313000104102,_m_Icon,3030001,,9,1,core_41,180000,27,1,,,,,0,0,0,,280000
3130001042,1313000104201,1313000104202,_m_Icon,3030001,,9,1,core_42,180000,27,1,,,,,0,0,0,,280000
3130001043,1313000104301,1313000104302,_m_Icon,3030001,,9,1,core_43,180000,27,1,,,,,0,0,0,,280000
3130001044,1313000104401,1313000104402,_m_Icon,3030001,,9,1,core_44,180000,27,1,,,,,0,0,0,,280000
3130001045,1313000104501,1313000104502,_m_Icon,3030001,,9,1,core_45,180000,27,1,,,,,0,0,0,,280000
3130001046,1313000104601,1313000104602,_m_Icon,3030001,,9,1,core_46,180000,27,1,,,,,0,0,0,,280000
3130001047,1313000104701,1313000104702,_m_Icon,3030001,,9,1,core_47,180000,27,1,,,,,0,0,0,,280000
3130001048,1313000104801,1313000104802,_m_Icon,3030001,,9,1,core_48,180000,27,1,,,,,0,0,0,,280000
3130001049,1313000104901,1313000104902,_m_Icon,3030001,,9,1,core_49,180000,27,1,,,,,0,0,0,,280000
3130001050,1313000105001,1313000105002,_m_Icon,3030001,,9,1,core_50,180000,27,1,,,,,0,0,0,,280000
3150001001,1315000100101,1315000100102,_m_Icon,3050001,100,0,,guide_1,180000,1,1,,,,,0,0,0,,,,1,1,,,,,,,,,,,,,,61100011001
3150001002,1315000100201,1315000100202,_m_Icon,3050001,,0,,guide_2,180000,1,1,,,,,0,0,0,,,,1,1
3150001003,1315000100301,1315000100302,_m_Icon,3050001,,0,,guide_3,180000,1,1,,,,,0,0,0,,,,1,1
3190001001,1319000100101,1319000100102,_m_Icon,3090001,,11,,activity_03_001,180000,1,1,,,,,0,0,0,,,,1,1
3190001002,1319000100201,1319000100202,_m_Icon,3090001,,11,,activity_03_002,180000,1,1,,,,,0,0,0,,,,1,1
3190001003,1319000100301,1319000100302,_m_Icon,3090001,,11,,activity_03_003,180000,1,1,,,,,0,0,0,,,,1,1
3190001004,1319000100401,1319000100402,_m_Icon,3090001,,11,,activity_03_004,180000,1,1,,,,,0,0,0,,,,1,1
3190001005,1319000100501,1319000100502,_m_Icon,3090001,,11,,activity_03_005,180000,1,1,,,,,0,0,0,,,,1,1
3190001006,1319000100601,1319000100602,_m_Icon,3090001,,11,,activity_03_006,180000,1,1,,,,,0,0,0,,,,1,1
3190001007,1319000100701,1319000100702,_m_Icon,3090001,,11,,activity_03_007,180000,1,1,,,,,0,0,0,,,,1,1
3190001008,1319000100801,1319000100802,_m_Icon,3090001,,11,,activity_03_008,180000,1,1,,,,,0,0,0,,,,1,1
3190001009,1319000100901,1319000100902,_m_Icon,3090001,,11,,activity_03_009,180000,1,1,,,,,0,0,0,,,,1,1
3190001010,1319000101001,1319000101002,_m_Icon,3090001,,11,,activity_03_010,180000,1,1,,,,,0,0,0,,,,1,1
3190001011,1319000101101,1319000101102,_m_Icon,3090001,,11,,activity_03_011,180000,1,1,,,,,0,0,0,,,,1,1
3190001012,1319000101201,1319000101202,_m_Icon,3090001,,11,,activity_03_012,180000,1,1,,,,,0,0,0,,,,1,1
3190001013,1319000101301,1319000101302,_m_Icon,3090001,,11,,activity_03_013,180000,1,1,,,,,0,0,0,,,,1,1
3190001014,1319000101401,1319000101402,_m_Icon,3090001,,11,,activity_03_014,180000,1,1,,,,,0,0,0,,,,1,1
3190001015,1319000101501,1319000101502,_m_Icon,3090001,,11,,activity_03_015,180000,1,1,,,,,0,0,0,,,,1,1
3190001016,1319000101601,1319000101602,_m_Icon,3090001,,10,,activity_03_101,180000,1,1,,,,,0,0,0,,,,1,1
3190001017,1319000101701,1319000101702,_m_Icon,3090001,,10,,activity_03_102,180000,1,1,,,,,0,0,0,,,,1,1
3190001018,1319000101801,1319000101802,_m_Icon,3090001,,10,,activity_03_103,180000,1,1,,,,,0,0,0,,,,1,1
3190001019,1319000101901,1319000101902,_m_Icon,3090001,,10,,activity_03_104,180000,1,1,,,,,0,0,0,,,,1,1
3190001020,1319000102001,1319000102002,_m_Icon,3090001,,10,,activity_03_105,180000,1,1,,,,,0,0,0,,,,1,1
3190002001,1319000200101,1319000200102,_m_Icon,3090002,,15,,activity_99_001,180000,1,1,,,,,0,0,0,,,,1,1
3190002002,1319000200201,1319000200202,_m_Icon,3090002,,15,,activity_99_002,180000,1,1,,,,,0,0,0,,,,1,1
3190002003,1319000200301,1319000200302,_m_Icon,3090002,,15,,activity_99_003,180000,1,1,,,,,0,0,0,,,,1,1
3190002004,1319000200401,1319000200402,_m_Icon,3090002,,15,,activity_99_004,180000,1,1,,,,,0,0,0,,,,1,1
3190002005,1319000200501,1319000200502,_m_Icon,3090002,,15,,activity_99_005,180000,1,1,,,,,0,0,0,,,,1,1
3190002006,1319000200601,1319000200602,_m_Icon,3090002,,15,,activity_99_006,180000,1,1,,,,,0,0,0,,,,1,1











































































































































































































































































































































































































































































































































































































































































































































































































































































































































































































































































































































































































































































































































































































































































































































































































































































































